OrderID,OrderDate,CustomerID,Gender,Age,Region,ProductCategory,OrderAmount,PaymentMethod
10001,2023-03-23,CUST001,Male,65,East,Clothing,42.32,Paypal
10002,2023-03-28,CUST002,Female,52,North,Sports,119.07,Credit Card
10003,2023-01-28,CUST003,Male,56,North,Sports,87.84,Paypal
10004,2023-03-11,CUST004,Male,46,East,Electronics,398.7,Credit Card
10005,2023-02-24,CUST005,Male,27,South,Home & Kitchen,70.44,Credit Card
10006,2023-02-15,CUST006,Female,56,East,Electronics,386.49,Credit Card
10007,2023-02-18,CUST007,Male,36,East,Sports,86.92,Credit Card
10008,2023-03-26,CUST008,Male,36,North,Clothing,106.65,Credit Card
10009,2023-02-28,CUST009,Female,41,South,Home & Kitchen,121.05,Paypal
10010,2023-03-31,CUST010,Female,59,North,Sports,148.9,Credit Card
10011,2023-02-01,CUST011,Male,42,East,Sports,90.75,Credit Card
10012,2023-01-08,CUST012,Male,20,East,Books,18.03,Credit Card
10013,2023-03-14,CUST013,Female,38,South,Books,21.87,Debit Card
10014,2023-02-28,CUST014,Male,26,South,Sports,135.46,Paypal
10015,2023-02-24,CUST015,Female,43,East,Clothing,119.73,Credit Card
10016,2023-03-05,CUST016,Male,21,North,Clothing,82.74,Paypal
10017,2023-02-24,CUST017,Female,42,West,Sports,199.46,Credit Card
10018,2023-03-12,CUST018,Female,18,North,Sports,165.12,Paypal
10019,2023-02-13,CUST019,Male,45,South,Books,10.1,Paypal
10020,2023-02-03,CUST020,Other,29,North,Home & Kitchen,218.33,Credit Card
10021,2023-01-26,CUST021,Male,28,North,Sports,105.38,Credit Card
10022,2023-02-16,CUST022,Female,37,South,Electronics,181.17,Credit Card
10023,2023-01-11,CUST023,Male,49,North,Sports,167.22,Credit Card
10024,2023-03-02,CUST024,Female,28,East,Sports,182.14,Credit Card
10025,2023-01-28,CUST025,Female,64,South,Home & Kitchen,129.8,Paypal
10026,2023-02-17,CUST026,Male,51,West,Electronics,184.12,Credit Card
10027,2023-01-03,CUST027,Female,32,South,Electronics,109.82,Paypal
10028,2023-01-30,CUST028,Male,20,East,Electronics,295.95,Credit Card
10029,2023-03-04,CUST029,Male,26,West,Clothing,98.46,Paypal
10030,2023-01-25,CUST030,Male,60,West,Home & Kitchen,134.72,Credit Card
10031,2023-01-07,CUST031,Female,59,North,Electronics,249.1,Credit Card
10032,2023-01-14,CUST032,Male,30,West,Clothing,62.19,Credit Card
10033,2023-02-01,CUST033,Female,22,West,Sports,73.71,Paypal
10034,2023-03-11,CUST034,Female,23,South,Clothing,60.64,Credit Card
10035,2023-02-21,CUST035,Female,28,West,Electronics,493.83,Credit Card
10036,2023-02-28,CUST036,Male,62,West,Clothing,38.99,Credit Card
10037,2023-01-08,CUST037,Female,52,North,Home & Kitchen,61.43,Credit Card
10038,2023-03-06,CUST038,Female,51,South,Electronics,483.53,Credit Card
10039,2023-01-24,CUST039,Male,22,South,Books,13.6,Paypal
10040,2023-02-01,CUST040,Female,20,North,Books,29.72,Credit Card
10041,2023-02-10,CUST041,Female,31,East,Clothing,46.56,Credit Card
10042,2023-03-24,CUST042,Male,38,North,Electronics,272.48,Debit Card
10043,2023-01-13,CUST043,Male,31,East,Clothing,113.33,Paypal
10044,2023-02-01,CUST044,Male,28,West,Sports,158.5,Paypal
10045,2023-03-25,CUST045,Female,60,East,Electronics,474.35,Credit Card
10046,2023-01-15,CUST046,Female,65,South,Home & Kitchen,106.35,Credit Card
10047,2023-02-13,CUST047,Male,58,East,Sports,128.39,Debit Card
10048,2023-01-07,CUST048,Male,45,East,Electronics,81.49,Paypal
10049,2023-03-23,CUST049,Other,28,West,Sports,158.79,Credit Card
10050,2023-01-15,CUST050,Male,62,South,Sports,65.04,Credit Card
10051,2023-03-12,CUST051,Male,26,North,Home & Kitchen,122.93,Debit Card
10052,2023-01-06,CUST052,Female,31,South,Electronics,228.55,Credit Card
10053,2023-02-22,CUST053,Other,65,South,Clothing,106.46,Debit Card
10054,2023-01-23,CUST054,Female,19,South,Home & Kitchen,206.48,Credit Card
10055,2023-03-27,CUST055,Female,33,East,Clothing,98.74,Credit Card
10056,2023-01-05,CUST056,Female,32,South,Books,20.49,Paypal
10057,2023-01-30,CUST057,Male,60,South,Books,19.85,Paypal
10058,2023-02-05,CUST058,Male,50,West,Sports,106.36,Credit Card
10059,2023-02-03,CUST059,Male,34,North,Electronics,330.56,Credit Card
10060,2023-02-10,CUST060,Male,50,North,Books,36.99,Credit Card
10061,2023-01-06,CUST061,Female,18,South,Home & Kitchen,136.26,Debit Card
10062,2023-02-12,CUST062,Female,60,North,Home & Kitchen,151.42,Paypal
10063,2023-02-11,CUST063,Male,36,South,Clothing,62.04,Debit Card
10064,2023-03-28,CUST064,Female,29,East,Books,26.44,Credit Card
10065,2023-02-06,CUST065,Male,55,East,Books,23.25,Paypal
10066,2023-03-07,CUST066,Male,65,South,Electronics,199.19,Paypal
10067,2023-03-21,CUST067,Male,33,East,Clothing,100.66,Credit Card
10068,2023-01-06,CUST068,Male,48,North,Books,22.43,Paypal
10069,2023-01-25,CUST069,Female,42,West,Books,17.32,Paypal
10070,2023-01-01,CUST070,Female,24,West,Clothing,37.59,Debit Card
10071,2023-03-08,CUST071,Male,53,South,Electronics,271.71,Paypal
10072,2023-03-27,CUST072,Female,53,East,Books,28.38,Paypal
10073,2023-03-06,CUST073,Male,53,West,Clothing,94.37,Credit Card
10074,2023-02-03,CUST074,Female,58,East,Sports,127.84,Credit Card
10075,2023-02-26,CUST075,Male,36,South,Home & Kitchen,117.17,Paypal
10076,2023-01-11,CUST076,Male,32,West,Clothing,90.64,Credit Card
10077,2023-02-22,CUST077,Male,47,West,Electronics,166.87,Credit Card
10078,2023-03-16,CUST078,Female,19,West,Books,10.18,Credit Card
10079,2023-02-19,CUST079,Female,44,South,Books,16.58,Credit Card
10080,2023-01-04,CUST080,Male,60,West,Clothing,104.05,Debit Card
10081,2023-03-21,CUST081,Female,43,North,Electronics,349.95,Credit Card
10082,2023-03-01,CUST082,Male,34,West,Home & Kitchen,92.33,Credit Card
10083,2023-02-18,CUST083,Male,44,East,Electronics,277.53,Paypal
10084,2023-01-07,CUST084,Other,40,South,Electronics,408.12,Paypal
10085,2023-01-04,CUST085,Female,30,North,Sports,81.33,Credit Card
10086,2023-03-27,CUST086,Male,31,West,Home & Kitchen,203.38,Credit Card
10087,2023-03-19,CUST087,Other,63,North,Clothing,116.47,Credit Card
10088,2023-01-04,CUST088,Female,54,West,Books,38.24,Credit Card
10089,2023-03-17,CUST089,Female,58,South,Electronics,372.82,Credit Card
10090,2023-03-29,CUST090,Female,25,North,Home & Kitchen,156.55,Paypal
10091,2023-01-09,CUST091,Female,39,North,Books,34.67,Credit Card
10092,2023-02-16,CUST092,Female,47,South,Books,15.28,Credit Card
10093,2023-03-25,CUST093,Male,52,West,Books,23.07,Paypal
10094,2023-02-04,CUST094,Male,33,North,Home & Kitchen,226.33,Credit Card
10095,2023-03-01,CUST095,Female,60,West,Home & Kitchen,55.74,Paypal
10096,2023-01-24,CUST096,Female,40,East,Home & Kitchen,105.93,Credit Card
10097,2023-02-05,CUST097,Female,51,South,Electronics,181.37,Credit Card
10098,2023-03-13,CUST098,Female,62,West,Books,23.45,Credit Card
10099,2023-02-07,CUST099,Male,62,South,Home & Kitchen,182.79,Credit Card
10100,2023-03-12,CUST100,Female,45,East,Home & Kitchen,190.57,Credit Card
10101,2023-02-02,CUST101,Male,64,South,Home & Kitchen,73.91,Credit Card
10102,2023-03-30,CUST102,Male,31,West,Home & Kitchen,194.92,Debit Card
10103,2023-03-09,CUST103,Female,24,South,Home & Kitchen,95.5,Credit Card
10104,2023-01-02,CUST104,Female,26,East,Electronics,489.2,Credit Card
10105,2023-03-31,CUST105,Female,58,West,Electronics,446.54,Credit Card
10106,2023-03-02,CUST106,Male,39,South,Electronics,186.04,Paypal
10107,2023-01-15,CUST107,Female,43,West,Electronics,322.35,Paypal
10108,2023-01-20,CUST108,Male,54,East,Electronics,497.45,Credit Card
10109,2023-02-23,CUST109,Female,57,South,Sports,113.25,Debit Card
10110,2023-02-08,CUST110,Female,45,East,Sports,146.94,Paypal
10111,2023-01-13,CUST111,Female,31,South,Home & Kitchen,182.09,Credit Card
10112,2023-01-23,CUST112,Female,28,North,Books,23.52,Credit Card
10113,2023-02-07,CUST113,Male,36,East,Books,12.14,Credit Card
10114,2023-02-03,CUST114,Female,58,South,Books,13.44,Credit Card
10115,2023-01-20,CUST115,Female,27,North,Electronics,149.69,Credit Card
10116,2023-03-14,CUST116,Female,46,North,Books,30.66,Paypal
10117,2023-02-04,CUST117,Female,49,West,Electronics,331.18,Paypal
10118,2023-02-11,CUST118,Female,19,North,Clothing,116.19,Paypal
10119,2023-03-15,CUST119,Female,19,East,Sports,65.63,Paypal
10120,2023-03-02,CUST120,Female,46,East,Clothing,119.69,Credit Card
10121,2023-03-04,CUST121,Other,48,East,Books,20.0,Paypal
10122,2023-01-21,CUST122,Male,62,West,Home & Kitchen,182.52,Credit Card
10123,2023-03-12,CUST123,Male,23,East,Home & Kitchen,114.65,Debit Card
10124,2023-02-21,CUST124,Female,18,West,Books,11.63,Credit Card
10125,2023-03-21,CUST125,Female,58,West,Electronics,165.49,Credit Card
10126,2023-02-06,CUST126,Male,62,West,Electronics,92.13,Paypal
10127,2023-01-31,CUST127,Female,37,North,Sports,117.12,Credit Card
10128,2023-01-15,CUST128,Male,25,South,Books,37.98,Credit Card
10129,2023-02-04,CUST129,Male,48,West,Clothing,65.68,Credit Card
10130,2023-01-25,CUST130,Female,50,South,Electronics,196.02,Paypal
10131,2023-02-23,CUST131,Male,50,East,Electronics,198.79,Credit Card
10132,2023-03-17,CUST132,Female,60,West,Clothing,64.65,Credit Card
10133,2023-02-12,CUST133,Female,52,West,Books,37.99,Paypal
10134,2023-03-31,CUST134,Male,42,South,Books,11.31,Paypal
10135,2023-02-18,CUST135,Male,60,South,Books,38.94,Credit Card
10136,2023-03-17,CUST136,Male,24,West,Electronics,300.9,Credit Card
10137,2023-01-19,CUST137,Male,59,South,Electronics,277.19,Debit Card
10138,2023-02-13,CUST138,Female,43,North,Home & Kitchen,220.47,Paypal
10139,2023-02-18,CUST139,Female,58,West,Sports,65.03,Credit Card
10140,2023-03-22,CUST140,Female,36,South,Electronics,262.27,Credit Card
10141,2023-03-23,CUST141,Female,24,West,Clothing,89.4,Debit Card
10142,2023-01-06,CUST142,Male,21,East,Home & Kitchen,124.97,Credit Card
10143,2023-03-09,CUST143,Male,61,South,Clothing,37.51,Paypal
10144,2023-02-18,CUST144,Female,33,West,Sports,80.04,Credit Card
10145,2023-02-02,CUST145,Male,60,North,Books,37.04,Paypal
10146,2023-01-21,CUST146,Male,40,East,Books,30.71,Credit Card
10147,2023-02-08,CUST147,Male,42,West,Electronics,179.63,Credit Card
10148,2023-03-15,CUST148,Male,62,East,Electronics,490.74,Paypal
10149,2023-02-05,CUST149,Male,61,North,Sports,164.32,Paypal
10150,2023-02-06,CUST150,Female,32,East,Clothing,83.66,Paypal
10151,2023-03-28,CUST151,Female,60,South,Electronics,459.43,Paypal
10152,2023-02-09,CUST152,Female,20,East,Clothing,29.01,Credit Card
10153,2023-02-23,CUST153,Male,26,East,Sports,130.25,Credit Card
10154,2023-01-22,CUST154,Male,48,East,Home & Kitchen,210.85,Credit Card
10155,2023-01-10,CUST155,Male,32,West,Sports,111.21,Paypal
10156,2023-01-02,CUST156,Male,25,West,Home & Kitchen,184.57,Paypal
10157,2023-03-16,CUST157,Male,58,East,Electronics,363.43,Credit Card
10158,2023-03-21,CUST158,Female,53,East,Sports,90.99,Credit Card
10159,2023-03-01,CUST159,Female,37,West,Electronics,138.71,Debit Card
10160,2023-02-08,CUST160,Other,25,North,Clothing,108.73,Credit Card
10161,2023-02-28,CUST161,Male,65,West,Sports,163.92,Credit Card
10162,2023-02-23,CUST162,Female,49,West,Home & Kitchen,56.54,Credit Card
10163,2023-02-26,CUST163,Male,33,East,Electronics,491.99,Credit Card
10164,2023-03-24,CUST164,Male,43,East,Clothing,116.82,Debit Card
10165,2023-02-28,CUST165,Male,31,North,Electronics,410.45,Credit Card
10166,2023-01-17,CUST166,Female,31,North,Sports,89.0,Credit Card
10167,2023-01-30,CUST167,Male,27,North,Home & Kitchen,221.68,Credit Card
10168,2023-01-17,CUST168,Female,29,North,Electronics,135.36,Credit Card
10169,2023-01-31,CUST169,Female,19,South,Home & Kitchen,60.48,Paypal
10170,2023-03-09,CUST170,Male,22,West,Books,33.34,Credit Card
10171,2023-01-14,CUST171,Male,32,North,Sports,102.23,Paypal
10172,2023-01-04,CUST172,Male,48,West,Books,30.58,Credit Card
10173,2023-02-26,CUST173,Male,23,East,Sports,80.77,Credit Card
10174,2023-03-21,CUST174,Female,53,East,Books,39.84,Credit Card
10175,2023-02-28,CUST175,Female,45,North,Electronics,438.17,Paypal
10176,2023-03-12,CUST176,Female,31,West,Books,36.64,Credit Card
10177,2023-02-28,CUST177,Male,64,North,Home & Kitchen,135.35,Paypal
10178,2023-02-17,CUST178,Female,61,West,Electronics,118.31,Credit Card
10179,2023-02-25,CUST179,Male,65,East,Clothing,75.64,Credit Card
10180,2023-03-13,CUST180,Female,60,North,Books,20.61,Paypal
10181,2023-02-24,CUST181,Female,64,North,Home & Kitchen,170.08,Credit Card
10182,2023-03-15,CUST182,Female,27,West,Clothing,104.73,Credit Card
10183,2023-03-13,CUST183,Male,35,South,Books,35.35,Debit Card
10184,2023-03-21,CUST184,Female,59,North,Sports,190.07,Paypal
10185,2023-02-04,CUST185,Male,35,East,Home & Kitchen,120.2,Credit Card
10186,2023-01-19,CUST186,Female,43,North,Clothing,94.1,Debit Card
10187,2023-01-12,CUST187,Female,31,West,Books,23.61,Credit Card
10188,2023-02-09,CUST188,Female,54,North,Electronics,145.34,Paypal
10189,2023-01-07,CUST189,Female,35,West,Books,24.57,Credit Card
10190,2023-02-04,CUST190,Male,50,North,Home & Kitchen,135.98,Credit Card
10191,2023-03-28,CUST191,Female,51,East,Electronics,172.62,Debit Card
10192,2023-01-08,CUST192,Male,37,South,Clothing,96.42,Credit Card
10193,2023-01-16,CUST193,Male,65,West,Clothing,32.92,Credit Card
10194,2023-01-30,CUST194,Female,60,East,Electronics,246.77,Paypal
10195,2023-02-25,CUST195,Male,22,East,Sports,120.1,Credit Card
10196,2023-03-23,CUST196,Male,25,West,Electronics,485.8,Credit Card
10197,2023-03-21,CUST197,Male,62,East,Electronics,263.42,Credit Card
10198,2023-02-25,CUST198,Female,51,North,Books,36.12,Paypal
10199,2023-01-29,CUST199,Male,28,North,Sports,148.65,Credit Card
10200,2023-01-25,CUST200,Female,40,East,Clothing,43.63,Credit Card
10201,2023-01-26,CUST201,Male,27,North,Clothing,115.13,Paypal
10202,2023-03-01,CUST202,Female,55,West,Sports,150.02,Debit Card
10203,2023-02-11,CUST203,Female,58,East,Clothing,63.98,Credit Card
10204,2023-03-22,CUST204,Male,35,North,Home & Kitchen,151.47,Credit Card
10205,2023-02-27,CUST205,Male,41,East,Electronics,350.76,Debit Card
10206,2023-01-12,CUST206,Female,50,West,Books,27.41,Debit Card
10207,2023-01-06,CUST207,Male,54,South,Home & Kitchen,171.0,Credit Card
10208,2023-01-08,CUST208,Male,39,North,Sports,150.46,Credit Card
10209,2023-02-26,CUST209,Other,51,South,Home & Kitchen,124.57,Credit Card
10210,2023-02-22,CUST210,Female,61,North,Home & Kitchen,63.18,Credit Card
10211,2023-03-28,CUST211,Male,34,South,Home & Kitchen,66.3,Paypal
10212,2023-02-14,CUST212,Male,59,West,Clothing,79.5,Debit Card
10213,2023-02-09,CUST213,Female,59,East,Clothing,87.01,Paypal
10214,2023-03-29,CUST214,Female,23,West,Sports,110.66,Credit Card
10215,2023-01-24,CUST215,Female,39,West,Clothing,42.65,Credit Card
10216,2023-01-10,CUST216,Male,24,North,Home & Kitchen,225.28,Paypal
10217,2023-03-18,CUST217,Male,28,South,Sports,173.27,Credit Card
10218,2023-02-26,CUST218,Male,41,South,Books,28.32,Paypal
10219,2023-02-27,CUST219,Male,33,East,Books,37.12,Credit Card
10220,2023-03-28,CUST220,Female,46,West,Home & Kitchen,205.62,Credit Card
10221,2023-02-23,CUST221,Other,30,South,Home & Kitchen,60.44,Credit Card
10222,2023-02-17,CUST222,Female,24,North,Home & Kitchen,66.78,Credit Card
10223,2023-02-27,CUST223,Female,27,West,Electronics,477.49,Credit Card
10224,2023-02-27,CUST224,Female,19,West,Electronics,246.51,Credit Card
10225,2023-02-19,CUST225,Other,41,South,Electronics,213.85,Credit Card
10226,2023-03-25,CUST226,Male,27,South,Electronics,200.49,Paypal
10227,2023-03-31,CUST227,Female,63,West,Books,28.46,Debit Card
10228,2023-01-03,CUST228,Male,27,West,Electronics,405.99,Credit Card
10229,2023-01-16,CUST229,Male,44,West,Electronics,126.56,Debit Card
10230,2023-03-18,CUST230,Female,58,South,Clothing,49.13,Credit Card
10231,2023-02-15,CUST231,Male,44,South,Electronics,299.86,Credit Card
10232,2023-03-09,CUST232,Female,50,North,Books,36.2,Credit Card
10233,2023-02-19,CUST233,Other,34,North,Home & Kitchen,207.7,Credit Card
10234,2023-03-26,CUST234,Female,55,East,Clothing,24.43,Credit Card
10235,2023-03-24,CUST235,Male,61,West,Books,28.95,Paypal
10236,2023-01-09,CUST236,Female,47,North,Home & Kitchen,90.32,Paypal
10237,2023-01-06,CUST237,Male,37,West,Sports,126.28,Credit Card
10238,2023-03-24,CUST238,Male,40,North,Home & Kitchen,104.64,Paypal
10239,2023-02-25,CUST239,Female,65,West,Books,20.17,Credit Card
10240,2023-03-30,CUST240,Female,51,East,Electronics,385.37,Credit Card
10241,2023-03-19,CUST241,Other,29,East,Home & Kitchen,70.52,Credit Card
10242,2023-02-07,CUST242,Male,56,West,Clothing,88.98,Credit Card
10243,2023-01-06,CUST243,Female,40,West,Home & Kitchen,177.89,Paypal
10244,2023-01-08,CUST244,Male,58,West,Home & Kitchen,152.62,Paypal
10245,2023-01-21,CUST245,Female,27,West,Electronics,133.02,Credit Card
10246,2023-03-24,CUST246,Male,42,North,Sports,81.48,Credit Card
10247,2023-02-17,CUST247,Male,22,South,Sports,111.37,Credit Card
10248,2023-02-05,CUST248,Male,25,North,Clothing,69.9,Credit Card
10249,2023-03-13,CUST249,Male,34,West,Clothing,119.64,Credit Card
10250,2023-03-04,CUST250,Male,26,North,Books,15.18,Paypal
10251,2023-01-12,CUST251,Female,38,East,Electronics,311.0,Credit Card
10252,2023-02-08,CUST252,Female,63,South,Home & Kitchen,151.75,Credit Card
10253,2023-01-26,CUST253,Female,33,West,Electronics,231.58,Credit Card
10254,2023-03-01,CUST254,Female,53,South,Sports,183.79,Credit Card
10255,2023-02-20,CUST255,Other,64,West,Sports,117.51,Credit Card
10256,2023-03-15,CUST256,Male,38,North,Books,23.97,Credit Card
10257,2023-01-17,CUST257,Female,53,South,Clothing,63.26,Debit Card
10258,2023-01-08,CUST258,Female,51,South,Home & Kitchen,82.93,Credit Card
10259,2023-01-29,CUST259,Male,51,East,Electronics,185.25,Paypal
10260,2023-03-12,CUST260,Male,58,East,Sports,134.69,Credit Card
10261,2023-01-22,CUST261,Female,55,South,Clothing,85.87,Paypal
10262,2023-03-19,CUST262,Male,54,North,Electronics,114.11,Debit Card
10263,2023-03-15,CUST263,Male,31,West,Sports,149.46,Credit Card
10264,2023-03-22,CUST264,Female,59,East,Books,17.35,Paypal
10265,2023-02-21,CUST265,Male,22,North,Clothing,63.96,Credit Card
10266,2023-01-27,CUST266,Male,27,East,Home & Kitchen,196.84,Paypal
10267,2023-02-21,CUST267,Male,41,North,Home & Kitchen,98.35,Credit Card
10268,2023-02-27,CUST268,Male,24,North,Home & Kitchen,239.08,Paypal
10269,2023-02-23,CUST269,Male,28,East,Sports,160.96,Credit Card
10270,2023-01-21,CUST270,Female,50,West,Books,36.37,Credit Card
10271,2023-01-12,CUST271,Female,50,West,Clothing,41.51,Credit Card
10272,2023-01-07,CUST272,Male,56,West,Home & Kitchen,157.34,Paypal
10273,2023-02-25,CUST273,Male,34,East,Books,20.98,Credit Card
10274,2023-03-14,CUST274,Female,41,East,Electronics,242.27,Credit Card
10275,2023-03-12,CUST275,Male,57,North,Clothing,117.51,Credit Card
10276,2023-02-13,CUST276,Female,41,South,Clothing,80.25,Credit Card
10277,2023-01-06,CUST277,Male,26,East,Books,25.58,Credit Card
10278,2023-03-07,CUST278,Male,57,East,Clothing,59.3,Paypal
10279,2023-02-08,CUST279,Female,50,West,Sports,101.97,Paypal
10280,2023-02-17,CUST280,Male,25,West,Sports,103.07,Paypal
10281,2023-03-30,CUST281,Female,56,West,Home & Kitchen,243.41,Paypal
10282,2023-03-16,CUST282,Female,64,North,Sports,127.26,Credit Card
10283,2023-03-21,CUST283,Female,42,South,Clothing,23.16,Debit Card
10284,2023-01-15,CUST284,Male,46,East,Books,14.54,Paypal
10285,2023-02-22,CUST285,Female,57,West,Electronics,376.43,Credit Card
10286,2023-03-13,CUST286,Male,60,West,Sports,112.76,Debit Card
10287,2023-02-28,CUST287,Female,39,East,Home & Kitchen,172.02,Credit Card
10288,2023-02-01,CUST288,Male,37,South,Home & Kitchen,204.23,Paypal
10289,2023-03-30,CUST289,Female,38,West,Home & Kitchen,162.1,Debit Card
10290,2023-02-05,CUST290,Male,54,West,Books,34.55,Debit Card
10291,2023-01-19,CUST291,Male,36,North,Home & Kitchen,234.8,Paypal
10292,2023-03-03,CUST292,Male,52,East,Sports,157.46,Credit Card
10293,2023-03-20,CUST293,Female,33,South,Electronics,361.33,Credit Card
10294,2023-03-23,CUST294,Male,24,West,Home & Kitchen,193.47,Credit Card
10295,2023-01-18,CUST295,Male,53,South,Books,29.59,Paypal
10296,2023-03-02,CUST296,Male,30,East,Home & Kitchen,107.08,Credit Card
10297,2023-01-12,CUST297,Female,32,North,Clothing,61.79,Paypal
10298,2023-01-05,CUST298,Other,43,West,Clothing,113.66,Debit Card
10299,2023-02-07,CUST299,Female,18,East,Sports,144.39,Debit Card
10300,2023-02-12,CUST300,Male,59,West,Clothing,105.11,Credit Card
10301,2023-01-25,CUST301,Female,39,South,Books,29.45,Paypal
10302,2023-01-02,CUST302,Female,36,South,Clothing,81.1,Paypal
10303,2023-02-21,CUST303,Female,50,East,Electronics,248.35,Credit Card
10304,2023-01-18,CUST304,Male,33,North,Home & Kitchen,126.71,Credit Card
10305,2023-02-04,CUST305,Female,37,North,Home & Kitchen,180.74,Paypal
10306,2023-01-08,CUST306,Female,47,East,Clothing,60.54,Credit Card
10307,2023-02-09,CUST307,Female,58,East,Home & Kitchen,172.93,Credit Card
10308,2023-01-18,CUST308,Male,47,East,Books,31.06,Debit Card
10309,2023-03-10,CUST309,Female,31,South,Sports,182.24,Credit Card
10310,2023-02-27,CUST310,Female,41,North,Sports,75.71,Paypal
10311,2023-03-06,CUST311,Male,52,South,Clothing,52.81,Credit Card
10312,2023-01-15,CUST312,Female,63,West,Electronics,457.53,Credit Card
10313,2023-01-08,CUST313,Male,50,West,Books,26.92,Credit Card
10314,2023-03-28,CUST314,Female,64,North,Books,17.63,Credit Card
10315,2023-01-28,CUST315,Female,20,West,Home & Kitchen,190.08,Credit Card
10316,2023-01-08,CUST316,Female,22,West,Electronics,200.58,Credit Card
10317,2023-01-18,CUST317,Female,64,West,Home & Kitchen,248.57,Credit Card
10318,2023-02-18,CUST318,Male,61,South,Home & Kitchen,73.73,Debit Card
10319,2023-02-20,CUST319,Female,64,South,Electronics,397.6,Debit Card
10320,2023-03-01,CUST320,Female,52,West,Sports,113.1,Credit Card
10321,2023-02-28,CUST321,Male,35,South,Electronics,93.53,Paypal
10322,2023-03-20,CUST322,Female,19,South,Clothing,26.73,Credit Card
10323,2023-02-27,CUST323,Female,63,North,Clothing,94.05,Credit Card
10324,2023-01-30,CUST324,Female,21,South,Sports,199.09,Credit Card
10325,2023-03-15,CUST325,Male,56,East,Clothing,50.18,Credit Card
10326,2023-03-26,CUST326,Female,44,East,Home & Kitchen,62.19,Debit Card
10327,2023-01-23,CUST327,Female,45,West,Electronics,488.36,Debit Card
10328,2023-03-27,CUST328,Male,51,East,Books,22.25,Credit Card
10329,2023-01-24,CUST329,Female,48,South,Clothing,50.07,Paypal
10330,2023-03-01,CUST330,Female,53,West,Books,26.72,Credit Card
10331,2023-02-01,CUST331,Male,39,North,Books,35.41,Credit Card
10332,2023-01-25,CUST332,Male,42,North,Electronics,159.03,Paypal
10333,2023-03-27,CUST333,Female,48,South,Home & Kitchen,110.64,Debit Card
10334,2023-01-28,CUST334,Female,65,North,Books,37.43,Paypal
10335,2023-01-27,CUST335,Male,33,East,Home & Kitchen,126.13,Credit Card
10336,2023-02-15,CUST336,Male,41,West,Books,12.96,Debit Card
10337,2023-03-02,CUST337,Female,38,South,Home & Kitchen,112.58,Credit Card
10338,2023-01-29,CUST338,Female,19,East,Sports,190.87,Credit Card
10339,2023-02-23,CUST339,Male,30,East,Clothing,57.98,Paypal
10340,2023-03-05,CUST340,Female,61,East,Home & Kitchen,202.67,Credit Card
10341,2023-03-24,CUST341,Female,47,South,Home & Kitchen,83.85,Paypal
10342,2023-03-04,CUST342,Male,52,North,Sports,64.74,Paypal
10343,2023-03-27,CUST343,Male,18,West,Clothing,104.25,Credit Card
10344,2023-01-20,CUST344,Male,50,West,Home & Kitchen,62.09,Paypal
10345,2023-03-20,CUST345,Female,60,West,Electronics,82.78,Credit Card
10346,2023-01-02,CUST346,Male,64,East,Sports,196.85,Credit Card
10347,2023-03-31,CUST347,Female,29,North,Electronics,300.24,Credit Card
10348,2023-03-21,CUST348,Female,40,East,Books,12.37,Debit Card
10349,2023-02-28,CUST349,Female,62,South,Home & Kitchen,186.81,Paypal
10350,2023-03-25,CUST350,Other,59,North,Electronics,250.22,Credit Card
10351,2023-03-02,CUST351,Male,18,South,Electronics,289.94,Credit Card
10352,2023-02-12,CUST352,Female,24,North,Clothing,41.14,Paypal
10353,2023-03-14,CUST353,Male,20,North,Home & Kitchen,229.86,Credit Card
10354,2023-01-05,CUST354,Male,38,North,Clothing,78.7,Paypal
10355,2023-02-20,CUST355,Female,37,South,Sports,93.67,Paypal
10356,2023-02-19,CUST356,Female,52,East,Books,32.67,Credit Card
10357,2023-03-30,CUST357,Female,50,East,Electronics,121.03,Credit Card
10358,2023-01-10,CUST358,Male,57,West,Home & Kitchen,55.93,Credit Card
10359,2023-02-27,CUST359,Female,40,West,Books,15.57,Credit Card
10360,2023-02-18,CUST360,Male,57,East,Clothing,91.31,Credit Card
10361,2023-01-20,CUST361,Male,58,South,Books,19.5,Credit Card
10362,2023-01-01,CUST362,Female,46,East,Home & Kitchen,70.45,Credit Card
10363,2023-02-25,CUST363,Male,53,West,Electronics,91.03,Credit Card
10364,2023-01-12,CUST364,Female,38,West,Electronics,202.58,Credit Card
10365,2023-01-11,CUST365,Female,53,South,Sports,132.95,Paypal
10366,2023-01-22,CUST366,Male,37,East,Books,14.38,Credit Card
10367,2023-02-05,CUST367,Male,48,North,Home & Kitchen,100.34,Credit Card
10368,2023-03-22,CUST368,Female,57,South,Books,13.21,Credit Card
10369,2023-02-20,CUST369,Male,57,West,Home & Kitchen,138.04,Credit Card
10370,2023-03-25,CUST370,Other,26,East,Home & Kitchen,170.64,Paypal
10371,2023-03-03,CUST371,Male,43,East,Home & Kitchen,196.97,Paypal
10372,2023-03-15,CUST372,Female,38,West,Home & Kitchen,213.3,Credit Card
10373,2023-01-15,CUST373,Female,30,South,Sports,63.77,Paypal
10374,2023-01-27,CUST374,Male,36,North,Books,30.19,Credit Card
10375,2023-02-08,CUST375,Male,60,South,Books,33.67,Credit Card
10376,2023-03-18,CUST376,Male,43,West,Sports,65.15,Debit Card
10377,2023-03-31,CUST377,Female,52,North,Electronics,402.96,Paypal
10378,2023-02-15,CUST378,Male,57,North,Sports,197.71,Paypal
10379,2023-02-21,CUST379,Other,39,West,Electronics,84.43,Credit Card
10380,2023-03-07,CUST380,Female,53,South,Books,21.22,Credit Card
10381,2023-03-28,CUST381,Female,50,South,Home & Kitchen,249.54,Credit Card
10382,2023-02-07,CUST382,Male,23,North,Clothing,54.83,Credit Card
10383,2023-01-27,CUST383,Female,40,West,Electronics,264.03,Paypal
10384,2023-02-10,CUST384,Male,20,North,Electronics,436.66,Paypal
10385,2023-03-28,CUST385,Female,65,South,Sports,84.42,Credit Card
10386,2023-03-13,CUST386,Male,47,South,Books,28.89,Credit Card
10387,2023-03-26,CUST387,Male,19,South,Books,27.77,Credit Card
10388,2023-01-28,CUST388,Male,63,North,Sports,74.25,Paypal
10389,2023-01-24,CUST389,Male,30,West,Electronics,190.19,Paypal
10390,2023-03-09,CUST390,Other,38,West,Sports,114.96,Credit Card
10391,2023-02-15,CUST391,Female,57,South,Home & Kitchen,233.74,Credit Card
10392,2023-03-28,CUST392,Male,25,South,Home & Kitchen,73.39,Credit Card
10393,2023-01-19,CUST393,Female,44,South,Sports,113.72,Credit Card
10394,2023-03-23,CUST394,Female,59,South,Sports,83.36,Credit Card
10395,2023-01-24,CUST395,Male,46,North,Home & Kitchen,240.37,Credit Card
10396,2023-01-25,CUST396,Female,53,West,Books,30.54,Credit Card
10397,2023-02-26,CUST397,Female,23,North,Clothing,49.21,Credit Card
10398,2023-03-10,CUST398,Male,47,West,Sports,131.51,Credit Card
10399,2023-02-04,CUST399,Female,41,North,Books,26.39,Debit Card
10400,2023-01-14,CUST400,Female,59,South,Home & Kitchen,224.96,Credit Card
10401,2023-02-03,CUST401,Male,23,West,Electronics,405.77,Credit Card
10402,2023-03-17,CUST402,Female,63,West,Clothing,81.62,Paypal
10403,2023-01-27,CUST403,Female,54,East,Sports,99.35,Credit Card
10404,2023-02-11,CUST404,Other,36,East,Sports,97.43,Paypal
10405,2023-03-28,CUST405,Female,26,West,Electronics,496.84,Paypal
10406,2023-01-17,CUST406,Female,26,South,Clothing,91.14,Paypal
10407,2023-03-28,CUST407,Male,27,East,Books,21.26,Credit Card
10408,2023-01-12,CUST408,Male,65,East,Home & Kitchen,140.94,Credit Card
10409,2023-03-16,CUST409,Male,64,North,Books,29.05,Paypal
10410,2023-01-09,CUST410,Female,43,South,Books,34.75,Credit Card
10411,2023-02-11,CUST411,Female,39,South,Sports,179.34,Paypal
10412,2023-03-29,CUST412,Female,20,North,Books,10.49,Debit Card
10413,2023-01-21,CUST413,Male,18,West,Clothing,119.57,Debit Card
10414,2023-03-25,CUST414,Male,35,North,Home & Kitchen,100.08,Credit Card
10415,2023-03-25,CUST415,Male,43,East,Clothing,62.92,Credit Card
10416,2023-01-13,CUST416,Male,48,North,Clothing,79.37,Credit Card
10417,2023-02-26,CUST417,Male,62,East,Electronics,495.03,Credit Card
10418,2023-01-17,CUST418,Male,32,West,Electronics,386.92,Credit Card
10419,2023-02-10,CUST419,Male,37,South,Books,33.2,Paypal
10420,2023-01-18,CUST420,Female,61,South,Electronics,302.81,Credit Card
10421,2023-03-25,CUST421,Male,40,South,Clothing,111.99,Paypal
10422,2023-02-26,CUST422,Female,23,North,Clothing,95.24,Credit Card
10423,2023-02-19,CUST423,Male,45,East,Clothing,44.78,Paypal
10424,2023-02-01,CUST424,Female,56,East,Electronics,436.11,Paypal
10425,2023-02-08,CUST425,Male,56,South,Books,18.87,Credit Card
10426,2023-01-31,CUST426,Female,25,South,Books,29.14,Credit Card
10427,2023-01-02,CUST427,Other,38,South,Books,35.82,Credit Card
10428,2023-02-16,CUST428,Female,29,West,Electronics,87.01,Credit Card
10429,2023-02-03,CUST429,Male,21,West,Sports,100.11,Paypal
10430,2023-02-23,CUST430,Male,43,North,Sports,135.27,Credit Card
10431,2023-01-11,CUST431,Male,50,South,Clothing,73.64,Credit Card
10432,2023-03-23,CUST432,Female,59,North,Home & Kitchen,189.74,Paypal
10433,2023-01-31,CUST433,Male,23,West,Electronics,270.42,Paypal
10434,2023-02-09,CUST434,Female,60,South,Electronics,85.32,Credit Card
10435,2023-01-02,CUST435,Male,40,East,Clothing,57.19,Paypal
10436,2023-02-04,CUST436,Female,25,North,Home & Kitchen,211.42,Credit Card
10437,2023-01-09,CUST437,Male,54,North,Books,23.66,Credit Card
10438,2023-03-05,CUST438,Female,28,East,Clothing,45.51,Credit Card
10439,2023-03-15,CUST439,Female,25,South,Sports,60.36,Paypal
10440,2023-01-02,CUST440,Male,48,East,Books,37.61,Credit Card
10441,2023-01-05,CUST441,Female,63,West,Clothing,52.18,Credit Card
10442,2023-02-10,CUST442,Male,22,East,Electronics,290.86,Debit Card
10443,2023-01-23,CUST443,Male,51,North,Books,12.07,Credit Card
10444,2023-02-06,CUST444,Female,37,East,Electronics,312.3,Credit Card
10445,2023-01-26,CUST445,Male,37,South,Books,21.05,Debit Card
10446,2023-01-26,CUST446,Female,52,South,Clothing,20.64,Credit Card
10447,2023-01-30,CUST447,Female,58,North,Home & Kitchen,50.29,Paypal
10448,2023-02-09,CUST448,Male,51,South,Books,24.76,Credit Card
10449,2023-01-19,CUST449,Female,23,North,Clothing,109.73,Credit Card
10450,2023-03-31,CUST450,Female,47,North,Sports,73.38,Credit Card
10451,2023-02-20,CUST451,Male,54,North,Books,29.87,Credit Card
10452,2023-02-07,CUST452,Male,38,West,Home & Kitchen,113.61,Credit Card
10453,2023-01-10,CUST453,Female,26,North,Clothing,30.57,Credit Card
10454,2023-02-10,CUST454,Male,52,East,Clothing,65.19,Credit Card
10455,2023-01-16,CUST455,Male,61,East,Sports,65.65,Paypal
10456,2023-02-11,CUST456,Male,63,South,Home & Kitchen,129.25,Credit Card
10457,2023-02-08,CUST457,Male,29,North,Books,35.64,Credit Card
10458,2023-03-12,CUST458,Male,47,North,Clothing,32.15,Credit Card
10459,2023-01-29,CUST459,Male,43,East,Electronics,324.58,Credit Card
10460,2023-01-10,CUST460,Male,22,South,Books,34.28,Credit Card
10461,2023-02-12,CUST461,Male,47,North,Clothing,112.41,Credit Card
10462,2023-02-20,CUST462,Female,42,West,Clothing,55.39,Debit Card
10463,2023-02-05,CUST463,Male,27,North,Sports,146.68,Credit Card
10464,2023-02-07,CUST464,Female,53,West,Electronics,116.84,Credit Card
10465,2023-02-23,CUST465,Male,51,South,Sports,171.28,Debit Card
10466,2023-02-15,CUST466,Male,49,East,Sports,130.34,Credit Card
10467,2023-01-24,CUST467,Male,56,South,Electronics,456.22,Paypal
10468,2023-01-08,CUST468,Female,48,East,Sports,199.94,Debit Card
10469,2023-01-13,CUST469,Male,33,East,Sports,174.28,Debit Card
10470,2023-01-08,CUST470,Female,32,West,Home & Kitchen,237.04,Debit Card
10471,2023-01-23,CUST471,Male,55,East,Home & Kitchen,232.8,Credit Card
10472,2023-03-31,CUST472,Male,54,South,Sports,192.77,Paypal
10473,2023-03-05,CUST473,Female,29,West,Electronics,117.91,Credit Card
10474,2023-01-29,CUST474,Male,48,North,Home & Kitchen,233.58,Credit Card
10475,2023-01-17,CUST475,Male,29,East,Electronics,89.2,Credit Card
10476,2023-01-19,CUST476,Female,51,East,Electronics,236.91,Debit Card
10477,2023-02-20,CUST477,Female,39,East,Home & Kitchen,77.29,Credit Card
10478,2023-02-25,CUST478,Female,49,East,Clothing,90.72,Credit Card
10479,2023-03-20,CUST479,Female,32,South,Books,19.2,Paypal
10480,2023-01-17,CUST480,Male,18,West,Sports,64.53,Paypal
10481,2023-03-20,CUST481,Male,54,North,Books,14.22,Paypal
10482,2023-01-31,CUST482,Male,38,South,Electronics,425.1,Paypal
10483,2023-02-12,CUST483,Male,34,South,Clothing,89.32,Credit Card
10484,2023-01-14,CUST484,Female,21,West,Books,31.98,Debit Card
10485,2023-02-22,CUST485,Female,42,East,Sports,112.55,Paypal
10486,2023-03-15,CUST486,Female,61,South,Clothing,65.13,Paypal
10487,2023-01-05,CUST487,Male,38,East,Electronics,111.16,Credit Card
10488,2023-02-18,CUST488,Male,22,North,Home & Kitchen,168.81,Paypal
10489,2023-03-03,CUST489,Female,45,South,Sports,184.57,Credit Card
10490,2023-01-13,CUST490,Male,30,West,Sports,161.09,Paypal
10491,2023-02-03,CUST491,Female,37,South,Electronics,100.85,Credit Card
10492,2023-03-04,CUST492,Male,41,North,Books,12.63,Paypal
10493,2023-03-22,CUST493,Female,30,North,Electronics,166.92,Paypal
10494,2023-01-11,CUST494,Male,25,East,Books,24.13,Paypal
10495,2023-02-03,CUST495,Male,52,West,Clothing,57.1,Credit Card
10496,2023-01-24,CUST496,Male,34,West,Books,17.9,Paypal
10497,2023-03-14,CUST497,Male,62,North,Electronics,360.62,Paypal
10498,2023-02-22,CUST498,Other,55,South,Sports,68.54,Credit Card
10499,2023-03-08,CUST499,Male,52,West,Sports,183.43,Credit Card
10500,2023-01-11,CUST500,Male,63,North,Sports,139.97,Credit Card
10501,2023-03-15,CUST501,Female,57,South,Electronics,478.69,Credit Card
10502,2023-01-22,CUST502,Other,30,South,Electronics,257.82,Debit Card
10503,2023-02-25,CUST503,Male,58,South,Sports,96.1,Debit Card
10504,2023-01-09,CUST504,Male,53,West,Sports,105.66,Credit Card
10505,2023-02-28,CUST505,Female,18,West,Electronics,254.07,Credit Card
10506,2023-03-17,CUST506,Female,24,North,Sports,169.14,Paypal
10507,2023-03-10,CUST507,Female,44,East,Books,29.64,Credit Card
10508,2023-03-02,CUST508,Male,35,West,Clothing,81.82,Paypal
10509,2023-02-21,CUST509,Male,39,South,Electronics,393.21,Debit Card
10510,2023-02-17,CUST510,Male,37,East,Home & Kitchen,218.57,Paypal
10511,2023-03-29,CUST511,Male,32,South,Home & Kitchen,244.84,Credit Card
10512,2023-02-11,CUST512,Male,44,North,Clothing,64.17,Debit Card
10513,2023-02-22,CUST513,Female,51,East,Electronics,296.41,Credit Card
10514,2023-02-09,CUST514,Female,43,South,Sports,183.11,Credit Card
10515,2023-01-25,CUST515,Female,30,North,Clothing,23.31,Credit Card
10516,2023-02-16,CUST516,Female,35,East,Books,25.15,Paypal
10517,2023-01-16,CUST517,Female,33,East,Books,27.82,Credit Card
10518,2023-03-02,CUST518,Female,40,East,Clothing,103.77,Credit Card
10519,2023-03-30,CUST519,Male,19,West,Electronics,148.42,Credit Card
10520,2023-01-28,CUST520,Female,59,South,Clothing,46.91,Credit Card
10521,2023-01-03,CUST521,Female,61,North,Books,37.35,Paypal
10522,2023-03-18,CUST522,Female,32,East,Sports,172.71,Credit Card
10523,2023-03-24,CUST523,Male,42,East,Books,17.56,Credit Card
10524,2023-03-28,CUST524,Female,57,West,Sports,74.32,Credit Card
10525,2023-03-26,CUST525,Other,41,East,Home & Kitchen,186.88,Credit Card
10526,2023-02-13,CUST526,Other,58,East,Home & Kitchen,102.23,Paypal
10527,2023-03-25,CUST527,Male,27,South,Electronics,418.28,Paypal
10528,2023-03-18,CUST528,Male,38,South,Electronics,355.27,Debit Card
10529,2023-02-03,CUST529,Female,43,West,Electronics,324.87,Debit Card
10530,2023-01-25,CUST530,Male,63,South,Sports,149.36,Credit Card
10531,2023-03-27,CUST531,Male,37,South,Sports,85.36,Credit Card
10532,2023-01-17,CUST532,Female,64,South,Home & Kitchen,180.89,Credit Card
10533,2023-01-29,CUST533,Female,37,West,Home & Kitchen,124.34,Credit Card
10534,2023-03-01,CUST534,Female,48,North,Sports,141.24,Paypal
10535,2023-03-02,CUST535,Female,50,North,Books,25.9,Credit Card
10536,2023-01-20,CUST536,Male,30,East,Books,39.62,Paypal
10537,2023-02-28,CUST537,Male,63,South,Electronics,284.78,Paypal
10538,2023-01-23,CUST538,Male,21,North,Books,18.21,Paypal
10539,2023-01-22,CUST539,Female,28,West,Electronics,134.35,Credit Card
10540,2023-02-24,CUST540,Male,48,West,Electronics,95.84,Credit Card
10541,2023-02-17,CUST541,Female,38,South,Electronics,364.23,Paypal
10542,2023-02-01,CUST542,Male,40,East,Clothing,30.27,Credit Card
10543,2023-02-09,CUST543,Male,20,East,Home & Kitchen,141.19,Credit Card
10544,2023-03-09,CUST544,Male,61,South,Home & Kitchen,249.23,Credit Card
10545,2023-01-25,CUST545,Male,43,North,Clothing,42.43,Debit Card
10546,2023-01-28,CUST546,Female,55,South,Electronics,233.97,Paypal
10547,2023-01-05,CUST547,Male,58,East,Sports,147.24,Credit Card
10548,2023-01-07,CUST548,Female,59,North,Electronics,369.69,Credit Card
10549,2023-02-18,CUST549,Male,34,West,Clothing,40.55,Paypal
10550,2023-01-02,CUST550,Male,60,North,Sports,97.8,Paypal
10551,2023-01-18,CUST551,Male,24,North,Home & Kitchen,72.8,Credit Card
10552,2023-01-26,CUST552,Female,34,South,Home & Kitchen,190.69,Credit Card
10553,2023-01-06,CUST553,Female,31,West,Home & Kitchen,96.9,Credit Card
10554,2023-01-12,CUST554,Female,54,West,Clothing,114.94,Paypal
10555,2023-01-10,CUST555,Female,24,East,Clothing,65.68,Debit Card
10556,2023-02-03,CUST556,Male,24,South,Electronics,437.94,Credit Card
10557,2023-03-28,CUST557,Male,65,North,Electronics,437.52,Paypal
10558,2023-01-02,CUST558,Female,60,South,Home & Kitchen,121.51,Credit Card
10559,2023-03-21,CUST559,Male,64,North,Home & Kitchen,212.99,Credit Card
10560,2023-02-21,CUST560,Male,47,East,Books,30.7,Credit Card
10561,2023-02-23,CUST561,Female,28,North,Clothing,89.62,Credit Card
10562,2023-01-21,CUST562,Male,55,West,Sports,154.98,Credit Card
10563,2023-02-18,CUST563,Female,57,North,Clothing,68.31,Credit Card
10564,2023-02-22,CUST564,Male,22,East,Home & Kitchen,52.47,Paypal
10565,2023-03-09,CUST565,Female,54,South,Home & Kitchen,153.82,Paypal
10566,2023-03-21,CUST566,Male,60,South,Books,20.37,Paypal
10567,2023-02-19,CUST567,Male,53,North,Electronics,350.23,Credit Card
10568,2023-03-02,CUST568,Female,28,North,Books,19.62,Credit Card
10569,2023-02-05,CUST569,Male,32,West,Books,34.51,Credit Card
10570,2023-02-26,CUST570,Female,46,North,Books,23.41,Credit Card
10571,2023-03-05,CUST571,Female,19,North,Books,22.37,Credit Card
10572,2023-01-01,CUST572,Female,56,East,Sports,138.73,Paypal
10573,2023-02-28,CUST573,Female,41,North,Clothing,104.43,Credit Card
10574,2023-03-21,CUST574,Female,63,East,Books,13.42,Paypal
10575,2023-01-29,CUST575,Male,40,East,Sports,133.08,Paypal
10576,2023-01-06,CUST576,Female,49,South,Books,13.21,Paypal
10577,2023-01-25,CUST577,Male,43,South,Books,34.74,Credit Card
10578,2023-02-13,CUST578,Male,44,North,Sports,77.25,Paypal
10579,2023-02-28,CUST579,Female,50,South,Books,10.13,Paypal
10580,2023-03-12,CUST580,Female,55,West,Sports,169.35,Debit Card
10581,2023-03-30,CUST581,Female,64,South,Electronics,242.71,Paypal
10582,2023-02-11,CUST582,Female,42,West,Sports,188.23,Paypal
10583,2023-02-05,CUST583,Male,39,East,Books,34.14,Credit Card
10584,2023-03-19,CUST584,Female,65,East,Sports,180.5,Paypal
10585,2023-03-12,CUST585,Female,30,South,Sports,160.01,Paypal
10586,2023-03-28,CUST586,Male,63,South,Sports,135.95,Paypal
10587,2023-01-15,CUST587,Female,53,West,Sports,139.89,Paypal
10588,2023-02-23,CUST588,Female,52,East,Books,34.25,Credit Card
10589,2023-01-04,CUST589,Male,21,North,Clothing,46.7,Paypal
10590,2023-02-06,CUST590,Female,27,North,Home & Kitchen,90.8,Credit Card
10591,2023-02-15,CUST591,Female,24,South,Sports,114.44,Credit Card
10592,2023-03-31,CUST592,Male,60,North,Books,21.63,Debit Card
10593,2023-03-29,CUST593,Male,53,North,Electronics,392.34,Credit Card
10594,2023-02-26,CUST594,Female,58,East,Sports,136.53,Paypal
10595,2023-01-25,CUST595,Male,29,North,Clothing,116.25,Paypal
10596,2023-01-16,CUST596,Male,45,East,Sports,96.99,Credit Card
10597,2023-02-02,CUST597,Male,47,South,Electronics,144.56,Credit Card
10598,2023-01-07,CUST598,Female,58,East,Books,33.7,Credit Card
10599,2023-01-10,CUST599,Female,38,South,Clothing,72.06,Paypal
10600,2023-01-21,CUST600,Male,52,West,Electronics,226.75,Paypal
10601,2023-03-26,CUST601,Male,41,East,Clothing,115.03,Paypal
10602,2023-03-02,CUST602,Other,59,North,Electronics,360.95,Credit Card
10603,2023-03-24,CUST603,Female,57,South,Electronics,366.67,Credit Card
10604,2023-01-15,CUST604,Male,52,East,Electronics,462.76,Paypal
10605,2023-02-17,CUST605,Female,50,West,Books,11.32,Paypal
10606,2023-01-25,CUST606,Male,23,North,Clothing,117.16,Paypal
10607,2023-03-10,CUST607,Male,22,South,Clothing,106.5,Credit Card
10608,2023-01-14,CUST608,Male,62,West,Electronics,393.69,Credit Card
10609,2023-02-28,CUST609,Female,20,North,Electronics,102.79,Paypal
10610,2023-03-13,CUST610,Male,32,East,Books,21.64,Paypal
10611,2023-02-25,CUST611,Male,42,North,Sports,60.83,Paypal
10612,2023-01-09,CUST612,Female,55,North,Electronics,230.23,Credit Card
10613,2023-02-07,CUST613,Female,37,North,Home & Kitchen,203.05,Credit Card
10614,2023-02-20,CUST614,Female,19,West,Clothing,73.35,Credit Card
10615,2023-02-20,CUST615,Female,52,East,Clothing,49.81,Paypal
10616,2023-03-24,CUST616,Male,18,South,Electronics,97.54,Credit Card
10617,2023-02-20,CUST617,Female,23,East,Clothing,94.83,Debit Card
10618,2023-02-14,CUST618,Male,59,South,Clothing,38.4,Paypal
10619,2023-02-02,CUST619,Male,29,North,Sports,124.58,Credit Card
10620,2023-02-07,CUST620,Female,34,North,Clothing,92.56,Credit Card
10621,2023-02-12,CUST621,Male,60,South,Electronics,199.76,Credit Card
10622,2023-01-25,CUST622,Male,46,East,Sports,152.32,Paypal
10623,2023-01-20,CUST623,Female,41,East,Books,15.06,Credit Card
10624,2023-01-29,CUST624,Female,59,West,Home & Kitchen,218.02,Credit Card
10625,2023-02-12,CUST625,Female,47,West,Home & Kitchen,204.95,Credit Card
10626,2023-01-14,CUST626,Male,56,North,Home & Kitchen,221.74,Credit Card
10627,2023-03-10,CUST627,Male,64,North,Electronics,454.68,Paypal
10628,2023-03-22,CUST628,Male,55,West,Sports,89.79,Credit Card
10629,2023-02-03,CUST629,Female,52,West,Clothing,56.58,Credit Card
10630,2023-03-17,CUST630,Female,36,South,Books,25.03,Credit Card
10631,2023-02-16,CUST631,Female,60,South,Sports,155.78,Paypal
10632,2023-01-18,CUST632,Male,29,South,Books,38.18,Credit Card
10633,2023-03-04,CUST633,Male,34,East,Clothing,24.28,Credit Card
10634,2023-02-16,CUST634,Male,47,North,Electronics,491.85,Credit Card
10635,2023-03-08,CUST635,Female,35,East,Sports,136.21,Credit Card
10636,2023-03-25,CUST636,Male,55,North,Sports,95.22,Debit Card
10637,2023-01-29,CUST637,Female,40,East,Books,33.78,Paypal
10638,2023-01-01,CUST638,Female,26,West,Clothing,43.0,Credit Card
10639,2023-02-05,CUST639,Male,29,South,Home & Kitchen,170.4,Paypal
10640,2023-03-26,CUST640,Male,39,North,Books,30.26,Credit Card
10641,2023-03-17,CUST641,Male,44,North,Clothing,24.31,Credit Card
10642,2023-01-21,CUST642,Male,50,North,Sports,80.56,Credit Card
10643,2023-01-24,CUST643,Female,43,North,Home & Kitchen,239.45,Credit Card
10644,2023-03-19,CUST644,Other,48,South,Clothing,103.04,Paypal
10645,2023-03-16,CUST645,Female,29,East,Clothing,92.42,Credit Card
10646,2023-02-28,CUST646,Female,22,South,Books,21.56,Credit Card
10647,2023-01-26,CUST647,Female,50,West,Clothing,80.55,Credit Card
10648,2023-03-20,CUST648,Female,52,North,Electronics,282.54,Credit Card
10649,2023-03-19,CUST649,Female,18,West,Sports,118.9,Paypal
10650,2023-03-31,CUST650,Female,32,West,Books,20.52,Paypal
10651,2023-03-31,CUST651,Female,45,South,Home & Kitchen,145.43,Credit Card
10652,2023-01-11,CUST652,Male,52,West,Home & Kitchen,87.8,Paypal
10653,2023-01-01,CUST653,Female,25,North,Books,29.64,Paypal
10654,2023-02-10,CUST654,Male,24,South,Books,29.55,Credit Card
10655,2023-03-10,CUST655,Male,41,East,Books,32.65,Credit Card
10656,2023-03-13,CUST656,Female,41,West,Home & Kitchen,247.7,Credit Card
10657,2023-02-20,CUST657,Female,60,North,Clothing,64.66,Paypal
10658,2023-01-21,CUST658,Male,50,West,Home & Kitchen,210.17,Paypal
10659,2023-03-29,CUST659,Female,28,West,Electronics,417.84,Paypal
10660,2023-03-02,CUST660,Female,45,North,Electronics,190.5,Credit Card
10661,2023-03-19,CUST661,Male,42,West,Sports,151.86,Credit Card
10662,2023-03-18,CUST662,Male,29,West,Books,10.32,Paypal
10663,2023-03-08,CUST663,Male,20,South,Sports,83.73,Credit Card
10664,2023-01-31,CUST664,Female,28,North,Home & Kitchen,205.93,Credit Card
10665,2023-02-20,CUST665,Male,30,North,Electronics,466.05,Credit Card
10666,2023-03-13,CUST666,Female,40,East,Home & Kitchen,95.26,Debit Card
10667,2023-02-28,CUST667,Female,54,North,Home & Kitchen,85.01,Credit Card
10668,2023-03-13,CUST668,Male,36,East,Electronics,417.24,Debit Card
10669,2023-03-10,CUST669,Female,54,East,Books,38.98,Credit Card
10670,2023-02-01,CUST670,Female,47,West,Sports,180.68,Credit Card
10671,2023-02-03,CUST671,Male,58,South,Clothing,100.02,Credit Card
10672,2023-02-15,CUST672,Female,18,East,Clothing,48.73,Credit Card
10673,2023-02-13,CUST673,Male,29,West,Home & Kitchen,120.71,Paypal
10674,2023-02-04,CUST674,Male,65,South,Books,32.11,Credit Card
10675,2023-01-31,CUST675,Female,31,South,Clothing,103.49,Paypal
10676,2023-02-15,CUST676,Male,24,North,Electronics,363.84,Paypal
10677,2023-03-20,CUST677,Male,52,North,Books,21.14,Credit Card
10678,2023-03-15,CUST678,Female,49,South,Sports,99.24,Credit Card
10679,2023-03-15,CUST679,Male,51,West,Books,38.19,Credit Card
10680,2023-02-14,CUST680,Male,61,South,Books,39.3,Paypal
10681,2023-02-28,CUST681,Male,18,North,Clothing,57.94,Credit Card
10682,2023-02-16,CUST682,Female,34,South,Sports,96.8,Credit Card
10683,2023-03-20,CUST683,Male,29,West,Books,16.32,Paypal
10684,2023-02-17,CUST684,Male,43,East,Books,15.4,Credit Card
10685,2023-03-15,CUST685,Female,24,East,Clothing,75.53,Paypal
10686,2023-01-26,CUST686,Male,65,South,Books,34.17,Credit Card
10687,2023-03-05,CUST687,Male,58,East,Books,19.0,Credit Card
10688,2023-03-14,CUST688,Male,24,South,Electronics,170.5,Credit Card
10689,2023-03-22,CUST689,Male,65,East,Home & Kitchen,122.19,Credit Card
10690,2023-02-02,CUST690,Male,44,North,Home & Kitchen,223.47,Debit Card
10691,2023-01-26,CUST691,Female,59,South,Home & Kitchen,121.02,Paypal
10692,2023-03-04,CUST692,Female,46,North,Books,28.41,Credit Card
10693,2023-01-19,CUST693,Female,58,East,Books,28.94,Credit Card
10694,2023-01-10,CUST694,Male,39,South,Home & Kitchen,113.38,Credit Card
10695,2023-02-04,CUST695,Female,43,East,Books,33.43,Debit Card
10696,2023-03-17,CUST696,Female,46,West,Clothing,38.39,Credit Card
10697,2023-01-31,CUST697,Female,65,North,Clothing,36.69,Credit Card
10698,2023-01-09,CUST698,Female,48,North,Electronics,403.79,Credit Card
10699,2023-01-11,CUST699,Male,57,South,Electronics,355.03,Paypal
10700,2023-02-09,CUST700,Male,65,East,Books,28.79,Credit Card
10701,2023-01-22,CUST701,Male,60,East,Home & Kitchen,222.85,Credit Card
10702,2023-03-11,CUST702,Female,53,West,Clothing,116.95,Paypal
10703,2023-01-23,CUST703,Female,47,West,Sports,149.57,Credit Card
10704,2023-02-14,CUST704,Female,32,North,Books,19.24,Credit Card
10705,2023-01-20,CUST705,Male,18,South,Home & Kitchen,107.35,Credit Card
10706,2023-03-30,CUST706,Female,48,East,Electronics,401.67,Paypal
10707,2023-03-18,CUST707,Male,18,East,Clothing,61.17,Credit Card
10708,2023-02-20,CUST708,Male,63,West,Books,16.62,Credit Card
10709,2023-03-22,CUST709,Male,57,East,Home & Kitchen,179.69,Credit Card
10710,2023-02-04,CUST710,Male,22,South,Clothing,48.96,Paypal
10711,2023-03-21,CUST711,Male,62,West,Clothing,52.06,Credit Card
10712,2023-03-10,CUST712,Male,24,East,Home & Kitchen,75.01,Credit Card
10713,2023-01-02,CUST713,Male,27,North,Books,16.52,Credit Card
10714,2023-03-05,CUST714,Other,47,North,Home & Kitchen,66.04,Paypal
10715,2023-01-19,CUST715,Male,43,North,Sports,125.82,Credit Card
10716,2023-02-02,CUST716,Female,18,North,Clothing,58.48,Debit Card
10717,2023-02-01,CUST717,Female,20,South,Books,32.06,Credit Card
10718,2023-03-27,CUST718,Other,48,West,Home & Kitchen,237.24,Credit Card
10719,2023-01-06,CUST719,Female,53,North,Home & Kitchen,146.25,Credit Card
10720,2023-02-16,CUST720,Female,60,South,Electronics,179.11,Credit Card
10721,2023-01-02,CUST721,Male,35,North,Books,33.67,Credit Card
10722,2023-01-06,CUST722,Female,62,West,Sports,81.7,Paypal
10723,2023-02-01,CUST723,Male,23,East,Electronics,105.11,Paypal
10724,2023-03-31,CUST724,Female,24,South,Books,16.98,Debit Card
10725,2023-03-24,CUST725,Female,46,South,Electronics,369.48,Credit Card
10726,2023-01-18,CUST726,Male,20,West,Books,26.77,Credit Card
10727,2023-03-04,CUST727,Male,29,East,Home & Kitchen,196.48,Credit Card
10728,2023-03-18,CUST728,Female,53,South,Electronics,303.08,Credit Card
10729,2023-02-03,CUST729,Female,47,North,Sports,113.07,Credit Card
10730,2023-01-03,CUST730,Female,41,South,Home & Kitchen,194.2,Paypal
10731,2023-03-10,CUST731,Female,30,West,Sports,81.58,Credit Card
10732,2023-02-22,CUST732,Female,25,North,Sports,152.24,Credit Card
10733,2023-01-17,CUST733,Male,20,South,Electronics,283.86,Credit Card
10734,2023-03-15,CUST734,Female,42,West,Sports,147.36,Credit Card
10735,2023-01-07,CUST735,Male,56,North,Electronics,470.69,Credit Card
10736,2023-03-04,CUST736,Female,23,West,Electronics,231.59,Paypal
10737,2023-02-23,CUST737,Female,63,North,Sports,97.21,Credit Card
10738,2023-01-10,CUST738,Female,22,South,Sports,73.6,Paypal
10739,2023-03-10,CUST739,Male,30,South,Sports,147.55,Credit Card
10740,2023-03-13,CUST740,Male,24,East,Books,31.08,Credit Card
10741,2023-01-14,CUST741,Male,29,West,Sports,107.25,Credit Card
10742,2023-03-18,CUST742,Male,40,East,Sports,198.8,Credit Card
10743,2023-02-17,CUST743,Male,58,West,Home & Kitchen,171.68,Credit Card
10744,2023-01-28,CUST744,Male,53,East,Home & Kitchen,242.33,Credit Card
10745,2023-02-20,CUST745,Male,20,East,Sports,62.28,Credit Card
10746,2023-02-08,CUST746,Male,32,South,Home & Kitchen,54.34,Paypal
10747,2023-03-30,CUST747,Female,53,South,Electronics,95.85,Credit Card
10748,2023-01-18,CUST748,Male,55,South,Clothing,45.62,Credit Card
10749,2023-03-15,CUST749,Male,31,North,Home & Kitchen,208.58,Credit Card
10750,2023-03-30,CUST750,Female,24,East,Electronics,386.93,Credit Card
10751,2023-01-11,CUST751,Female,39,East,Books,22.5,Paypal
10752,2023-01-30,CUST752,Female,56,North,Books,11.62,Credit Card
10753,2023-02-10,CUST753,Female,27,East,Sports,157.69,Credit Card
10754,2023-03-28,CUST754,Female,43,West,Sports,140.54,Credit Card
10755,2023-02-25,CUST755,Male,43,South,Clothing,53.62,Credit Card
10756,2023-01-07,CUST756,Female,34,North,Books,25.05,Paypal
10757,2023-01-17,CUST757,Female,48,South,Books,21.86,Credit Card
10758,2023-03-13,CUST758,Female,65,South,Clothing,27.16,Paypal
10759,2023-02-11,CUST759,Female,54,North,Electronics,362.13,Credit Card
10760,2023-02-14,CUST760,Male,40,North,Home & Kitchen,83.85,Credit Card
10761,2023-02-26,CUST761,Female,46,North,Clothing,39.97,Credit Card
10762,2023-01-11,CUST762,Male,21,South,Sports,189.74,Paypal
10763,2023-02-06,CUST763,Male,62,North,Home & Kitchen,140.01,Credit Card
10764,2023-01-27,CUST764,Female,31,South,Sports,133.26,Credit Card
10765,2023-03-03,CUST765,Female,27,North,Books,27.49,Paypal
10766,2023-01-06,CUST766,Male,21,East,Clothing,98.92,Paypal
10767,2023-01-07,CUST767,Male,18,North,Books,29.81,Paypal
10768,2023-03-26,CUST768,Male,24,North,Home & Kitchen,223.48,Paypal
10769,2023-01-30,CUST769,Other,50,North,Home & Kitchen,146.93,Credit Card
10770,2023-01-12,CUST770,Male,50,West,Sports,189.69,Credit Card
10771,2023-02-01,CUST771,Female,37,East,Books,21.8,Credit Card
10772,2023-02-14,CUST772,Female,40,East,Clothing,119.6,Debit Card
10773,2023-02-05,CUST773,Female,58,East,Books,36.71,Paypal
10774,2023-01-04,CUST774,Female,35,South,Clothing,54.18,Credit Card
10775,2023-01-18,CUST775,Male,42,South,Books,17.21,Credit Card
10776,2023-02-09,CUST776,Female,39,West,Sports,78.45,Paypal
10777,2023-03-16,CUST777,Female,30,South,Home & Kitchen,187.71,Paypal
10778,2023-01-18,CUST778,Male,27,South,Home & Kitchen,63.56,Credit Card
10779,2023-01-16,CUST779,Male,27,North,Home & Kitchen,226.03,Credit Card
10780,2023-02-22,CUST780,Male,65,East,Clothing,97.91,Credit Card
10781,2023-01-24,CUST781,Male,57,East,Sports,139.39,Credit Card
10782,2023-01-30,CUST782,Male,19,East,Electronics,369.02,Credit Card
10783,2023-03-06,CUST783,Female,48,East,Clothing,105.21,Credit Card
10784,2023-01-18,CUST784,Male,32,North,Books,32.94,Credit Card
10785,2023-02-04,CUST785,Female,32,South,Clothing,26.61,Debit Card
10786,2023-02-26,CUST786,Female,49,East,Books,36.63,Credit Card
10787,2023-01-06,CUST787,Female,42,East,Books,28.35,Paypal
10788,2023-03-18,CUST788,Female,59,North,Sports,75.3,Credit Card
10789,2023-01-06,CUST789,Female,33,West,Electronics,314.23,Credit Card
10790,2023-03-22,CUST790,Other,30,East,Books,21.94,Credit Card
10791,2023-02-06,CUST791,Male,45,East,Sports,188.66,Paypal
10792,2023-01-19,CUST792,Male,59,West,Electronics,383.51,Credit Card
10793,2023-03-16,CUST793,Female,62,South,Books,22.41,Credit Card
10794,2023-01-23,CUST794,Male,63,South,Books,12.71,Credit Card
10795,2023-03-25,CUST795,Female,28,North,Electronics,127.95,Credit Card
10796,2023-02-16,CUST796,Male,63,West,Sports,145.69,Credit Card
10797,2023-03-12,CUST797,Male,28,East,Sports,181.98,Paypal
10798,2023-01-21,CUST798,Female,29,North,Books,19.24,Paypal
10799,2023-02-27,CUST799,Male,29,North,Clothing,116.04,Credit Card
10800,2023-02-02,CUST800,Male,49,West,Sports,173.04,Paypal
